numero_uai;appellation_officielle;denomination_principale;patronyme_uai;secteur_public_prive_libe;adresse_uai;lieu_dit_uai;boite_postale_uai;code_postal_uai;localite_acheminement_uai;libelle_commune;coordonnee_x;coordonnee_y;epsg;latitude;longitude;appariement;localisation;nature_uai;nature_uai_libe;etat_etablissement;etat_etablissement_libe;code_departement;code_region;code_academie;code_commune;libelle_departement;libelle_region;libelle_academie;position;secteur_prive_code_type_contrat;secteur_prive_libelle_type_contrat;code_ministere;libelle_ministere;date_ouverture
0061565U;Ecole maternelle Max Gallo;ECOLE MATERNELLE PUBLIQUE;MAX GALLO MAT;Public;Avenue José Bernard;MOYENNE CORNICHE;;06300;NICE;Nice;1046528.9;6299104.1;EPSG:2154;43.7060201695726;7.30043012277937;Parfaite;Numéro de rue;101;ECOLE MATERNELLE;1;OUVERT;006;93;23;06088;Alpes-Maritimes;Provence-Alpes-Côte d'Azur;Nice;43.7060201695726,7.30043012277937;99;SANS OBJET;06;MINISTERE DE L'EDUCATION NATIONALE;1983-09-01
0061588U;Ecole primaire Escragnolles;ECOLE PRIMAIRE;ESCRAGNOLLES;Public;;RN 85;;06460;ESCRAGNOLLES;Escragnolles;1004740.8;6299732.9;EPSG:2154;43.73090969207124;6.783059936518004;Correcte;Ville;151;ECOLE DE NIVEAU ELEMENTAIRE;1;OUVERT;006;93;23;06058;Alpes-Maritimes;Provence-Alpes-Côte d'Azur;Nice;43.73090969207124,6.783059936518004;99;SANS OBJET;06;MINISTERE DE L'EDUCATION NATIONALE;1985-09-01
0061590W;Ecole élémentaire Garbejaire;ECOLE ELEMENTAIRE PUBLIQUE;GARBEJAIRE;Public;126 avenue Georges Pompidou;;;06560;VALBONNE;Valbonne;1026930.4;6288834.2;EPSG:2154;43.62306183089671;7.051119411235956;Parfaite;Rue;151;ECOLE DE NIVEAU ELEMENTAIRE;1;OUVERT;006;93;23;06152;Alpes-Maritimes;Provence-Alpes-Côte d'Azur;Nice;43.62306183089671,7.051119411235956;99;SANS OBJET;06;MINISTERE DE L'EDUCATION NATIONALE;1985-09-01
0061592Y;Ecole élémentaire Saint-Exupéry;ECOLE ELEMENTAIRE PUBLIQUE;SAINT EXUPERY;Public;380 avenue Saint Roman;;;06500;MENTON;Menton;1061065.3;6310545.6;EPSG:2154;43.80154187628484;7.488509748299213;Parfaite;Numéro de rue;151;ECOLE DE NIVEAU ELEMENTAIRE;1;OUVERT;006;93;23;06083;Alpes-Maritimes;Provence-Alpes-Côte d'Azur;Nice;43.80154187628484,7.488509748299213;99;SANS OBJET;06;MINISTERE DE L'EDUCATION NATIONALE;1985-09-01
0061597D;Ecole élémentaire Saint-Antoine-Ginestière;ECOLE ELEMENTAIRE PUBLIQUE;SAINT ANTOINE GINESTIERE;Public;Avenue Durandy;;;06200;NICE;Nice;1039629.9;6299107.3;EPSG:2154;43.70939465002056;7.2149797108061176;Parfaite;Numéro de rue;151;ECOLE DE NIVEAU ELEMENTAIRE;1;OUVERT;006;93;23;06088;Alpes-Maritimes;Provence-Alpes-Côte d'Azur;Nice;43.70939465002056,7.2149797108061176;99;SANS OBJET;06;MINISTERE DE L'EDUCATION NATIONALE;1985-09-01
0061620D;Ecole élémentaire Campagno;ECOLE ELEMENTAIRE PUBLIQUE;CAMPAGNO;Public;Quartier de l'Istre;VAL DE TIGNET;;06530;LE TIGNET;Le Tignet;1010122.3;6288749.6;EPSG:2154;43.62985831056211;6.843130488319572;Parfaite;Numéro de rue;151;ECOLE DE NIVEAU ELEMENTAIRE;1;OUVERT;006;93;23;06140;Alpes-Maritimes;Provence-Alpes-Côte d'Azur;Nice;43.62985831056211,6.843130488319572;99;SANS OBJET;06;MINISTERE DE L'EDUCATION NATIONALE;1986-09-01
0061623G;Ecole maternelle Dubouchage;ECOLE MATERNELLE PUBLIQUE;DUBOUCHAGE MAT;Public;3 boulevard Dubouchage;;;06000;NICE;Nice;1044377.3;6298729.2;EPSG:2154;43.70370228890069;7.273529448679207;Parfaite;Numéro de rue;101;ECOLE MATERNELLE;1;OUVERT;006;93;23;06088;Alpes-Maritimes;Provence-Alpes-Côte d'Azur;Nice;43.70370228890069,7.273529448679207;99;SANS OBJET;06;MINISTERE DE L'EDUCATION NATIONALE;1986-09-01
0061642C;Lycée général et technologique International;LYCEE GENERAL ET TECHNOLOGIQUE;INTERNATIONAL;Public;190 rue Frédéric Mistral;;97;06560;VALBONNE;Valbonne;1026209.5;6288556.0;EPSG:2154;43.620894203024136;7.042025769097966;Parfaite;Numéro de rue;300;LYCEE ENSEIGNT GENERAL ET TECHNOLOGIQUE;1;OUVERT;006;93;23;06152;Alpes-Maritimes;Provence-Alpes-Côte d'Azur;Nice;43.620894203024136,7.042025769097966;99;SANS OBJET;06;MINISTERE DE L'EDUCATION NATIONALE;1986-05-12
0061649K;Ecole élémentaire Val des Fées;ECOLE ELEMENTAIRE PUBLIQUE;VAL DES FEES;Public;Chemin de Carimail;ROCHEVILLE;;06110;LE CANNET;Le Cannet;1022548.9;6283612.4;EPSG:2154;43.57814625520535;6.993650033757847;Parfaite;Numéro de rue;151;ECOLE DE NIVEAU ELEMENTAIRE;1;OUVERT;006;93;23;06030;Alpes-Maritimes;Provence-Alpes-Côte d'Azur;Nice;43.57814625520535,6.993650033757847;99;SANS OBJET;06;MINISTERE DE L'EDUCATION NATIONALE;1987-09-01
0061650L;Ecole maternelle HP Girard;ECOLE MATERNELLE PUBLIQUE;HENRI PAUL GIRARD MAT-MAIRE COLOMARS-1987/2008;Public;Rue Sigaut;;;06670;COLOMARS;Colomars;1039858.5;6304661.4;EPSG:2154;43.75919178924131;7.22149294470284;Correcte;Rue;101;ECOLE MATERNELLE;1;OUVERT;006;93;23;06046;Alpes-Maritimes;Provence-Alpes-Côte d'Azur;Nice;43.75919178924131,7.22149294470284;99;SANS OBJET;06;MINISTERE DE L'EDUCATION NATIONALE;1987-09-01
0061667E;Section d'enseignement général et professionnel adapté du Collège des Baous;SEGPA;CLG DES BAOUS;Public;1835 route de Gattières;;;06640;ST JEANNET;Saint-Jeannet;1034400.3;6302868.3;EPSG:2154;43.74568236677401;7.152650613372838;Parfaite;Numéro de rue;390;SECTION ENSEIGNT GEN. ET PROF. ADAPTE;1;OUVERT;006;93;23;06122;Alpes-Maritimes;Provence-Alpes-Côte d'Azur;Nice;43.74568236677401,7.152650613372838;99;SANS OBJET;06;MINISTERE DE L'EDUCATION NATIONALE;1988-07-01
0061669G;Section d'enseignement général et professionnel adapté du Collège Les Jasmins-Ste Marguerite;SEGPA;CLG LES JASMINS-STE MARGUERITE;Public;Chemin Sainte Marguerite;;;06130;GRASSE;Grasse;1018654.2;6290656.6;EPSG:2154;43.64320963494605;6.949867670106576;Correcte;Rue;390;SECTION ENSEIGNT GEN. ET PROF. ADAPTE;1;OUVERT;006;93;23;06069;Alpes-Maritimes;Provence-Alpes-Côte d'Azur;Nice;43.64320963494605,6.949867670106576;99;SANS OBJET;06;MINISTERE DE L'EDUCATION NATIONALE;1989-09-01
0061674M;Ecole primaire Rataou;ECOLE PRIMAIRE PUBLIQUE;RATAOU;Public;590 avenue des Genêts;;;06190;ROQUEBRUNE CAP MARTIN;Roquebrune-Cap-Martin;1059012.7;6306573.3;EPSG:2154;43.76689965409765;7.460261348341738;Parfaite;Numéro de rue;151;ECOLE DE NIVEAU ELEMENTAIRE;1;OUVERT;006;93;23;06104;Alpes-Maritimes;Provence-Alpes-Côte d'Azur;Nice;43.76689965409765,7.460261348341738;99;SANS OBJET;06;MINISTERE DE L'EDUCATION NATIONALE;1988-09-01
0061686A;Ecole primaire privée Kérem Ménahem;ECOLE PRIMAIRE PRIVEE;KEREM MENAHEM;Privé;5 rue Paganini;;;06000;NICE;Nice;1043606.6;6298498.8;EPSG:2154;43.70200683667403;7.263829856845719;Parfaite;Numéro de rue;151;ECOLE DE NIVEAU ELEMENTAIRE;1;OUVERT;006;93;23;06088;Alpes-Maritimes;Provence-Alpes-Côte d'Azur;Nice;43.70200683667403,7.263829856845719;31;CONTRAT ASSOCIATION PARTIE DES CLASSES;06;MINISTERE DE L'EDUCATION NATIONALE;1988-09-01
0061694J;Collège L'Archet;COLLEGE;L'ARCHET;Public;39 boulevard IMPERATRICE EUGENIE;;;06200;NICE;Nice;1040944.2;6297401.9;EPSG:2154;43.6934388441267;7.230126957029999;Correcte;Rue;340;COLLEGE;1;OUVERT;006;93;23;06088;Alpes-Maritimes;Provence-Alpes-Côte d'Azur;Nice;43.6934388441267,7.230126957029999;99;SANS OBJET;06;MINISTERE DE L'EDUCATION NATIONALE;1989-09-01
0061696L;Ecole maternelle Amiral de Grasse;ECOLE MATERNELLE PUBLIQUE;AMIRAL DE GRASSE MAT;Public;282 avenue de Yorktown;;;06620;LE BAR SUR LOUP;Le Bar-sur-Loup;1021529.3;6297551.1;EPSG:2154;43.703868480866575;6.98976000878568;Parfaite;Numéro de rue;101;ECOLE MATERNELLE;1;OUVERT;006;93;23;06010;Alpes-Maritimes;Provence-Alpes-Côte d'Azur;Nice;43.703868480866575,6.98976000878568;99;SANS OBJET;06;MINISTERE DE L'EDUCATION NATIONALE;1989-09-01
0061701S;Ecole élémentaire Nikaia;ECOLE ELEMENTAIRE PUBLIQUE;NIKAIA;Public;1 cale Escoffier;;;06300;NICE;Nice;1044313.1;6297932.0;EPSG:2154;43.69657063230211;7.272199596784472;Parfaite;Numéro de rue;151;ECOLE DE NIVEAU ELEMENTAIRE;1;OUVERT;006;93;23;06088;Alpes-Maritimes;Provence-Alpes-Côte d'Azur;Nice;43.69657063230211,7.272199596784472;99;SANS OBJET;06;MINISTERE DE L'EDUCATION NATIONALE;1989-09-01
0061706X;Ecole maternelle Saint-Paul-de-Vence;ECOLE MATERNELLE PUBLIQUE;FONTETTE MAT (LA);Public;315 route des Serres;;;06570;ST PAUL DE VENCE;Saint-Paul-de-Vence;1031999.9;6297512.9;EPSG:2154;43.698689428870864;7.119429904978924;Parfaite;Numéro de rue;101;ECOLE MATERNELLE;1;OUVERT;006;93;23;06128;Alpes-Maritimes;Provence-Alpes-Côte d'Azur;Nice;43.698689428870864,7.119429904978924;99;SANS OBJET;06;MINISTERE DE L'EDUCATION NATIONALE;1990-09-01
0061723R;Collège Emile Roux;COLLEGE;EMILE ROUX;Public;31 chemin des Plaines;;;06110;LE CANNET;Le Cannet;1024798.9;6283106.8;EPSG:2154;43.57257601169318;7.021141989151416;Correcte;Rue;340;COLLEGE;1;OUVERT;006;93;23;06030;Alpes-Maritimes;Provence-Alpes-Côte d'Azur;Nice;43.57257601169318,7.021141989151416;99;SANS OBJET;06;MINISTERE DE L'EDUCATION NATIONALE;1990-09-01
0061747S;Ecole primaire Ravet;ECOLE ELEMENTAIRE PUBLIQUE;RAVET;Public;342 avenue Paul Cézanne;;;06700;ST LAURENT DU VAR;Saint-Laurent-du-Var;1037146.8;6294475.2;EPSG:2154;43.66896040853113;7.18117984113819;Parfaite;Numéro de rue;151;ECOLE DE NIVEAU ELEMENTAIRE;1;OUVERT;006;93;23;06123;Alpes-Maritimes;Provence-Alpes-Côte d'Azur;Nice;43.66896040853113,7.18117984113819;99;SANS OBJET;06;MINISTERE DE L'EDUCATION NATIONALE;1992-09-01
0061749U;Ecole maternelle Bagaria;ECOLE MATERNELLE PUBLIQUE;BAGARIA MAT;Public;Quartier du Pré Neuf;;;06140;TOURRETTES SUR LOUP;Tourrettes-sur-Loup;1027343.6;6299539.3;EPSG:2154;43.719069017901305;7.06305012381543;Parfaite;Numéro de rue;101;ECOLE MATERNELLE;1;OUVERT;006;93;23;06148;Alpes-Maritimes;Provence-Alpes-Côte d'Azur;Nice;43.719069017901305,7.06305012381543;99;SANS OBJET;06;MINISTERE DE L'EDUCATION NATIONALE;1991-09-01
0061753Y;Ecole maternelle Jean de Florette;ECOLE MATERNELLE PUBLIQUE;FLORETTE MAT (JEAN DE);Public;Av Pagnol;;;06610;LA GAUDE;La Gaude;1035587.0;6298500.2;EPSG:2154;43.70586884655545;7.164501824559377;Correcte;Rue;101;ECOLE MATERNELLE;1;OUVERT;006;93;23;06065;Alpes-Maritimes;Provence-Alpes-Côte d'Azur;Nice;43.70586884655545,7.164501824559377;99;SANS OBJET;06;MINISTERE DE L'EDUCATION NATIONALE;1991-09-01
0061760F;Lycée général et technologique Alexis de Tocqueville;LYCEE GENERAL ET TECHNOLOGIQUE;ALEXIS DE TOCQUEVILLE;Public;22 CHEMIN DE L ORME;;72111;06131;GRASSE CEDEX;Grasse;1017877.6;6291777.7;EPSG:2154;43.653633634916254;6.940950334580676;Parfaite;Numéro de rue;300;LYCEE ENSEIGNT GENERAL ET TECHNOLOGIQUE;1;OUVERT;006;93;23;06069;Alpes-Maritimes;Provence-Alpes-Côte d'Azur;Nice;43.653633634916254,6.940950334580676;99;SANS OBJET;06;MINISTERE DE L'EDUCATION NATIONALE;1992-08-24
0061774W;Ecole maternelle Montaleigne;ECOLE MATERNELLE PUBLIQUE;MONTALEIGNE MAT;Public;Chemin de la Tour Carrée;;;06700;ST LAURENT DU VAR;Saint-Laurent-du-Var;1036374.6;6297802.7;EPSG:2154;43.699227291254694;7.1738003558600285;Parfaite;Numéro de rue;101;ECOLE MATERNELLE;1;OUVERT;006;93;23;06123;Alpes-Maritimes;Provence-Alpes-Côte d'Azur;Nice;43.699227291254694,7.1738003558600285;99;SANS OBJET;06;MINISTERE DE L'EDUCATION NATIONALE;1992-09-01
0061776Y;Ecole maternelle Le Rouret;ECOLE MATERNELLE PUBLIQUE;ROURET MAT (LE);Public;Quartier Saint Pons;;;06650;LE ROURET;Le Rouret;1022938.0;6294465.9;EPSG:2154;43.67550141118101;7.005270018387719;Parfaite;Numéro de rue;101;ECOLE MATERNELLE;1;OUVERT;006;93;23;06112;Alpes-Maritimes;Provence-Alpes-Côte d'Azur;Nice;43.67550141118101,7.005270018387719;99;SANS OBJET;06;MINISTERE DE L'EDUCATION NATIONALE;1992-09-01
0061796V;Collège Paul Arène;COLLEGE;PAUL ARENE;Public;23 chemin du Stade;;;06530;PEYMEINADE;Peymeinade;1012344.0;6289691.3;EPSG:2154;43.63734536542506;6.871190206904221;Parfaite;Numéro de rue;340;COLLEGE;1;OUVERT;006;93;23;06095;Alpes-Maritimes;Provence-Alpes-Côte d'Azur;Nice;43.63734536542506,6.871190206904221;99;SANS OBJET;06;MINISTERE DE L'EDUCATION NATIONALE;1993-09-01
0061799Y;Ecole primaire Teisseire;ECOLE PRIMAIRE PUBLIQUE;TEISSEIRE;Public;Avenue Théodore Giordan;;;06480;LA COLLE SUR LOUP;La Colle-sur-Loup;1031337.8;6296815.6;EPSG:2154;43.69273383337816;7.110779451691932;Parfaite;Numéro de rue;151;ECOLE DE NIVEAU ELEMENTAIRE;1;OUVERT;006;93;23;06044;Alpes-Maritimes;Provence-Alpes-Côte d'Azur;Nice;43.69273383337816,7.110779451691932;99;SANS OBJET;06;MINISTERE DE L'EDUCATION NATIONALE;1993-09-01
0061800Z;Ecole élémentaire Les Maurettes;ECOLE ELEMENTAIRE PUBLIQUE;MAURETTES (LES);Public;Avenue Docteur Lefebvre;;;06270;VILLENEUVE LOUBET;Villeneuve-Loubet;1033178.5;6290313.5;EPSG:2154;43.633443599797715;7.12936000414804;Parfaite;Numéro de rue;151;ECOLE DE NIVEAU ELEMENTAIRE;1;OUVERT;006;93;23;06161;Alpes-Maritimes;Provence-Alpes-Côte d'Azur;Nice;43.633443599797715,7.12936000414804;99;SANS OBJET;06;MINISTERE DE L'EDUCATION NATIONALE;1993-09-01
0061813N;Section d'enseignement professionnel du Lycée polyvalent Léonard de Vinci;SECTION ENSEIGNT PROFESSIONNEL;LPO LEONARD DE VINCI;Public;RUE JEAN JOANNON ZONE INDUST;;;06600;ANTIBES;Antibes;1028802.2;6286856.3;EPSG:2154;43.6044227600004;7.073009496805775;Correcte;Rue;334;SECTION D ENSEIGNEMENT PROFESSIONNEL;1;OUVERT;006;93;23;06004;Alpes-Maritimes;Provence-Alpes-Côte d'Azur;Nice;43.6044227600004,7.073009496805775;99;SANS OBJET;06;MINISTERE DE L'EDUCATION NATIONALE;1993-09-01
0061816S;Ecole second degré général privée Abc School international;ECOLE SECOND DEGRE GENERAL PRIVEE;ABC SCHOOL INTERNATIONAL;Privé;12 rue GIOFFREDO;;;06000;NICE;Nice;1044612.2;6298552.7;EPSG:2154;43.702002046011295;7.276320230746296;Parfaite;Numéro de rue;302;LYCEE D ENSEIGNEMENT GENERAL;1;OUVERT;006;93;23;06088;Alpes-Maritimes;Provence-Alpes-Côte d'Azur;Nice;43.702002046011295,7.276320230746296;10;HORS CONTRAT;06;MINISTERE DE L'EDUCATION NATIONALE;1993-09-01
0061835M;Ecole maternelle Carnoles;ECOLE MATERNELLE PUBLIQUE;CARNOLES MAT;Public;;MONTEE DES ECOLES;;06190;ROQUEBRUNE CAP MARTIN;Roquebrune-Cap-Martin;1060469.1;6306193.8;EPSG:2154;43.762748783651304;7.478049417074149;Parfaite;Rue;101;ECOLE MATERNELLE;1;OUVERT;006;93;23;06104;Alpes-Maritimes;Provence-Alpes-Côte d'Azur;Nice;43.762748783651304,7.478049417074149;99;SANS OBJET;06;MINISTERE DE L'EDUCATION NATIONALE;1994-09-01
0061837P;Ecole élémentaire Châlet des Roses;ECOLE ELEMENTAIRE PUBLIQUE;CHALET DES ROSES;Public;57 boulevard de la Madeleine;;;06000;NICE;Nice;1041708.6;6297878.4;EPSG:2154;43.69735160365934;7.239909883367456;Parfaite;Numéro de rue;151;ECOLE DE NIVEAU ELEMENTAIRE;1;OUVERT;006;93;23;06088;Alpes-Maritimes;Provence-Alpes-Côte d'Azur;Nice;43.69735160365934,7.239909883367456;99;SANS OBJET;06;MINISTERE DE L'EDUCATION NATIONALE;1994-09-01
0061852F;Lycée technologique privé La Providence;LYCEE TECHNOLOGIQUE PRIVE;LA PROVIDENCE;Privé;12 avenue Pierre Isnard;;;06200;NICE;Nice;1038580.9;6295929.5;EPSG:2154;43.681343414588106;7.199890003840733;Parfaite;Numéro de rue;301;LYCEE D ENSEIGNEMENT TECHNOLOGIQUE;1;OUVERT;006;93;23;06088;Alpes-Maritimes;Provence-Alpes-Côte d'Azur;Nice;43.681343414588106,7.199890003840733;30;CONTRAT D'ASSOCIATION TOUTES CLASSES;06;MINISTERE DE L'EDUCATION NATIONALE;1995-09-01
0061859N;Ecole maternelle La Baronne;ECOLE MATERNELLE PUBLIQUE;BARONNE MAT (LA);Public;2730 chemin Allo Marcellin;QUARTIER LA BARONNE;;06610;LA GAUDE;La Gaude;1036548.0;6300215.4;EPSG:2154;43.720824677776456;7.177530287396984;Parfaite;Numéro de rue;101;ECOLE MATERNELLE;1;OUVERT;006;93;23;06065;Alpes-Maritimes;Provence-Alpes-Côte d'Azur;Nice;43.720824677776456,7.177530287396984;99;SANS OBJET;06;MINISTERE DE L'EDUCATION NATIONALE;1996-08-28
0061860P;Ecole primaire Arziari;ECOLE PRIMAIRE PUBLIQUE;ARZIARI;Public;77 route de Turin;;;06300;NICE;Nice;1045134.2;6300018.0;EPSG:2154;43.71491340778249;7.283770555729401;Parfaite;Numéro de rue;151;ECOLE DE NIVEAU ELEMENTAIRE;1;OUVERT;006;93;23;06088;Alpes-Maritimes;Provence-Alpes-Côte d'Azur;Nice;43.71491340778249,7.283770555729401;99;SANS OBJET;06;MINISTERE DE L'EDUCATION NATIONALE;1996-09-01
0061905N;Ecole maternelle privée internationale Waldorf;ECOLE MATERNELLE PRIVEE;INTERNATIONALE WALDORF MAT;Privé;403 corniche moyenne;;;06240;BEAUSOLEIL;Beausoleil;1056684.3;6304700.0;EPSG:2154;43.751248180829975;7.430090565458165;Parfaite;Numéro de rue;101;ECOLE MATERNELLE;1;OUVERT;006;93;23;06012;Alpes-Maritimes;Provence-Alpes-Côte d'Azur;Nice;43.751248180829975,7.430090565458165;10;HORS CONTRAT;06;MINISTERE DE L'EDUCATION NATIONALE;1999-03-19
0061913X;Ecole maternelle Les Copains;ECOLE MATERNELLE PUBLIQUE;COPAINS MAT;Public;33 avenue Villaine;;;06240;BEAUSOLEIL;Beausoleil;1055789.1;6303439.3;EPSG:2154;43.74037265068026;7.418120033542456;Parfaite;Numéro de rue;101;ECOLE MATERNELLE;1;OUVERT;006;93;23;06012;Alpes-Maritimes;Provence-Alpes-Côte d'Azur;Nice;43.74037265068026,7.418120033542456;99;SANS OBJET;06;MINISTERE DE L'EDUCATION NATIONALE;2000-09-01
0061924J;Collège Les Mimosas;COLLEGE;LES MIMOSAS;Public;1216 avenue du Général Garbay;;;06210;MANDELIEU LA NAPOULE;Mandelieu-la-Napoule;1018288.4;6281834.9;EPSG:2154;43.56409837463051;6.939889425260129;Parfaite;Numéro de rue;340;COLLEGE;1;OUVERT;006;93;23;06079;Alpes-Maritimes;Provence-Alpes-Côte d'Azur;Nice;43.56409837463051,6.939889425260129;99;SANS OBJET;06;MINISTERE DE L'EDUCATION NATIONALE;2002-09-01
0062023S;Ecole maternelle Rosemarines;ECOLE MATERNELLE PUBLIQUE;ROSEMARINES MAT;Public;1333 route départementale 1;PLAN DE CARROS;;06510;CARROS;Carros;1037929.0;6306296.9;EPSG:2154;43.77481345014563;7.198650455098441;Parfaite;Numéro de rue;101;ECOLE MATERNELLE;1;OUVERT;006;93;23;06033;Alpes-Maritimes;Provence-Alpes-Côte d'Azur;Nice;43.77481345014563,7.198650455098441;99;SANS OBJET;06;MINISTERE DE L'EDUCATION NATIONALE;2006-09-01
0062024T;Ecole primaire Trois Collines;ECOLE PRIMAIRE PUBLIQUE;TROIS COLLINES (LES);Public;Allée des Séquoias;;;06250;MOUGINS;Mougins;1026132.3;6284985.1;EPSG:2154;43.588842009695256;7.03880968769295;Parfaite;Numéro de rue;151;ECOLE DE NIVEAU ELEMENTAIRE;1;OUVERT;006;93;23;06085;Alpes-Maritimes;Provence-Alpes-Côte d'Azur;Nice;43.588842009695256,7.03880968769295;99;SANS OBJET;06;MINISTERE DE L'EDUCATION NATIONALE;2006-09-01
0062042M;Ecole primaire privée ICS Cote d'Azur;ECOLE PRIMAIRE PRIVEE;ECOLE BILINGUE INT.COTE D'AZUR;Privé;245 route des Lucioles;les espaces de Sophia;;06560;VALBONNE;Valbonne;1026651.4;6287902.2;EPSG:2154;43.61481561863741;7.047076877645473;Parfaite;Numéro de rue;151;ECOLE DE NIVEAU ELEMENTAIRE;1;OUVERT;006;93;23;06152;Alpes-Maritimes;Provence-Alpes-Côte d'Azur;Nice;43.61481561863741,7.047076877645473;10;HORS CONTRAT;06;MINISTERE DE L'EDUCATION NATIONALE;2006-09-01
0062043N;Ecole élémentaire privée Alphabet;ECOLE ELEMENTAIRE PRIVEE;COURS L'ALPHABET;Privé;19 rue Fragonard;;;06800;CAGNES SUR MER;Cagnes-sur-Mer;1035315.3;6294369.9;EPSG:2154;43.66888409383387;7.158439580559806;Parfaite;Numéro de rue;151;ECOLE DE NIVEAU ELEMENTAIRE;1;OUVERT;006;93;23;06027;Alpes-Maritimes;Provence-Alpes-Côte d'Azur;Nice;43.66888409383387,7.158439580559806;10;HORS CONTRAT;06;MINISTERE DE L'EDUCATION NATIONALE;2006-09-01
0062046S;Ecole primaire privée Internationale Bilingue;ECOLE PRIMAIRE PRIVEE;INTERNATIONALE BILINGUE PEGOMA;Privé;1247 route de Grasse;Centre la bergerie;;06580;PEGOMAS;Pégomas;1016519.6;6285953.0;EPSG:2154;43.601897032457366;6.920559514171795;Parfaite;Numéro de rue;151;ECOLE DE NIVEAU ELEMENTAIRE;1;OUVERT;006;93;23;06090;Alpes-Maritimes;Provence-Alpes-Côte d'Azur;Nice;43.601897032457366,6.920559514171795;10;HORS CONTRAT;06;MINISTERE DE L'EDUCATION NATIONALE;2007-09-01
0062060G;Ecole primaire de Séranon;ECOLE PRIMAIRE PUBLIQUE;SERANON;Public;Rue de la Gendarmerie;;;06750;SERANON;Séranon;998003.1;6304080.9;EPSG:2154;43.772864017908525;6.702070534981469;Parfaite;Numéro de rue;151;ECOLE DE NIVEAU ELEMENTAIRE;1;OUVERT;006;93;23;06134;Alpes-Maritimes;Provence-Alpes-Côte d'Azur;Nice;43.772864017908525,6.702070534981469;99;SANS OBJET;06;MINISTERE DE L'EDUCATION NATIONALE;2008-09-01
0062064L;Ecole maternelle privée Autrement Cedre;ECOLE MATERNELLE PRIVEE;AUTREMENT CEDRE;Privé;39 avenue Saint-Jean;;;06400;CANNES;Cannes;1024255.4;6281474.8;EPSG:2154;43.5581598980216;7.013398774642959;Parfaite;Numéro de rue;101;ECOLE MATERNELLE;1;OUVERT;006;93;23;06029;Alpes-Maritimes;Provence-Alpes-Côte d'Azur;Nice;43.5581598980216,7.013398774642959;10;HORS CONTRAT;06;MINISTERE DE L'EDUCATION NATIONALE;2008-09-01
0610538D;Ecole primaire publique;ECOLE PRIMAIRE PUBLIQUE;;Public;;LE BOURG;;61100;MONTILLY SUR NOIREAU;Montilly-sur-Noireau;437859.0;6863194.9;EPSG:2154;48.81546374184565;-0.5710801892043712;Correcte;Ville;151;ECOLE DE NIVEAU ELEMENTAIRE;1;OUVERT;061;28;70;61287;Orne;Normandie;Normandie;48.81546374184565,-0.5710801892043712;99;SANS OBJET;06;MINISTERE DE L'EDUCATION NATIONALE;1966-10-07
0062122Z;Collège privé Jenny Dagul;COLLEGE PRIVE;COLLEGE JENNY DAGUL;Privé;22 rue LOUIS NOUVEAU;;;06400;CANNES;Cannes;1025445.2;6281063.3;EPSG:2154;43.55391743547684;7.027840192141024;Parfaite;Numéro de rue;340;COLLEGE;1;OUVERT;006;93;23;06029;Alpes-Maritimes;Provence-Alpes-Côte d'Azur;Nice;43.55391743547684,7.027840192141024;31;CONTRAT ASSOCIATION PARTIE DES CLASSES;06;MINISTERE DE L'EDUCATION NATIONALE;2010-09-01
0610589J;Ecole primaire;ECOLE ELEMENTAIRE PUBLIQUE;;Public;10 rue des Ecoles;;;61700;ST BOMER LES FORGES;Saint-Bômer-les-Forges;432415.3;6844252.6;EPSG:2154;48.643037073760325;-0.6332694558854017;Parfaite;Numéro de rue;151;ECOLE DE NIVEAU ELEMENTAIRE;1;OUVERT;061;28;70;61369;Orne;Normandie;Normandie;48.643037073760325,-0.6332694558854017;99;SANS OBJET;06;MINISTERE DE L'EDUCATION NATIONALE;1966-10-04
0062150E;Ecole 2nd degré général et technologique privée Mouratoglou international school;ECOLE 2D DEGRE GENERAL ET TECHNOLOGIQUE PRIVEE;MOURATOGLOU INTERNATIONAL SCHOOL;Privé;3550 route des Dolines;;;06410;BIOT;Biot;1027611.2;6288581.7;EPSG:2154;43.62047843235645;7.0593799149751595;Parfaite;Numéro de rue;300;LYCEE ENSEIGNT GENERAL ET TECHNOLOGIQUE;1;OUVERT;006;93;23;06018;Alpes-Maritimes;Provence-Alpes-Côte d'Azur;Nice;43.62047843235645,7.0593799149751595;10;HORS CONTRAT;06;MINISTERE DE L'EDUCATION NATIONALE;2016-09-01
0610590K;Ecole maternelle  Les Minoiseaux;ECOLE MATERNELLE PUBLIQUE;LES MINOISEAUX;Public;;LA MINE;;61490;ST CLAIR DE HALOUZE;Saint-Clair-de-Halouze;433424.0;6849292.4;EPSG:2154;48.688737449898674;-0.6227298729630678;Moyenne;Rue;101;ECOLE MATERNELLE;1;OUVERT;061;28;70;61376;Orne;Normandie;Normandie;48.688737449898674,-0.6227298729630678;99;SANS OBJET;06;MINISTERE DE L'EDUCATION NATIONALE;1966-10-04
0062203M;Ecole générale et technologique privée association Yechiva Daat;ECOLE GEN.ET TECHNOL.PRIVEE;ASSOCIATION YECHIVA DAAT;Privé;1 bis rue Boisy d'Anglas;;;06000;NICE;Nice;1043646.5;6299053.9;EPSG:2154;43.70697511575858;7.264695683167126;Parfaite;Numéro de rue;300;LYCEE ENSEIGNT GENERAL ET TECHNOLOGIQUE;1;OUVERT;006;93;23;06088;Alpes-Maritimes;Provence-Alpes-Côte d'Azur;Nice;43.70697511575858,7.264695683167126;10;HORS CONTRAT;06;MINISTERE DE L'EDUCATION NATIONALE;2019-09-04
0610614L;Ecole primaire publique;ECOLE PRIMAIRE PUBLIQUE;;Public;13 rue des Vallées;LE BOURG;;61430;STE HONORINE LA CHARDONNE;Sainte-Honorine-la-Chardonne;444082.8;6863766.4;EPSG:2154;48.8230990965733;-0.48674999616609815;Parfaite;Numéro de rue;151;ECOLE DE NIVEAU ELEMENTAIRE;1;OUVERT;061;28;70;61407;Orne;Normandie;Normandie;48.8230990965733,-0.48674999616609815;99;SANS OBJET;06;MINISTERE DE L'EDUCATION NATIONALE;1966-10-05
0062310D;Ecole secondaire privée Happiness school;ECOLE SECONDAIRE PRIVEE;HAPPINESS SCHOOL;Privé;95 avenue de la Libération;;;06130;GRASSE;Grasse;1015705.4;6290529.6;EPSG:2154;43.643388864554744;6.913298063540014;Parfaite;Numéro de rue;340;COLLEGE;1;OUVERT;006;93;23;06069;Alpes-Maritimes;Provence-Alpes-Côte d'Azur;Nice;43.643388864554744,6.913298063540014;10;HORS CONTRAT;06;MINISTERE DE L'EDUCATION NATIONALE;2021-01-22
0610622V;Ecole primaire;ECOLE PRIMAIRE PUBLIQUE;;Public;37 rue du Mont Saint-Michel;;;61350;ST MARS D EGRENNE;Saint-Mars-d'Egrenne;424623.4;6835487.7;EPSG:2154;48.56101277338181;-0.7332898906455706;Parfaite;Numéro de rue;151;ECOLE DE NIVEAU ELEMENTAIRE;1;OUVERT;061;28;70;61421;Orne;Normandie;Normandie;48.56101277338181,-0.7332898906455706;99;SANS OBJET;06;MINISTERE DE L'EDUCATION NATIONALE;1966-10-05
0080035V;Collège Arthur Rimbaud;COLLEGE;ARTHUR RIMBAUD;Public;20 quai CHARCOT;;;08000;CHARLEVILLE MEZIERES;Charleville-Mézières;824422.8;6965411.0;EPSG:2154;49.7753793860485;4.726330199380721;Correcte;Numéro de rue;340;COLLEGE;1;OUVERT;008;44;19;08105;Ardennes;Grand Est;Reims;49.7753793860485,4.726330199380721;99;SANS OBJET;06;MINISTERE DE L'EDUCATION NATIONALE;1971-02-12
0610624X;Ecole maternelle;ECOLE MATERNELLE PUBLIQUE;;Public;Route d'Ecorcei;;;61270;LES ASPRES;Les Aspres;523475.4;6846364.3;EPSG:2154;48.693295139454115;0.6013193490261763;Parfaite;Numéro de rue;101;ECOLE MATERNELLE;1;OUVERT;061;28;70;61422;Orne;Normandie;Normandie;48.693295139454115,0.6013193490261763;99;SANS OBJET;06;MINISTERE DE L'EDUCATION NATIONALE;1966-10-04
0080036W;Collège Jean Rogissart;COLLEGE;JEAN ROGISSART;Public;9 rue BARA;;23;08700;NOUZONVILLE;Nouzonville;825729.3;6970165.6;EPSG:2154;49.817827897579626;4.74591000737515;Parfaite;Numéro de rue;340;COLLEGE;1;OUVERT;008;44;19;08328;Ardennes;Grand Est;Reims;49.817827897579626,4.74591000737515;99;SANS OBJET;06;MINISTERE DE L'EDUCATION NATIONALE;1965-05-01
0610651B;école élémentaire Pierre Bourdan;ECOLE ELEMENTAIRE PUBLIQUE;PIERRE BOURBAN (LA SAUVAGERE);Public;ROUTE 1 CHEMIN DU VIEUX MOULIN;LA SAUVAGERE;;61600;LES MONTS D ANDAINE;Les Monts d'Andaine;448457.0;6841158.8;EPSG:2154;48.621672974138086;-0.4139200443567662;Moyenne;Rue;151;ECOLE DE NIVEAU ELEMENTAIRE;1;OUVERT;061;28;70;61463;Orne;Normandie;Normandie;48.621672974138086,-0.4139200443567662;99;SANS OBJET;06;MINISTERE DE L'EDUCATION NATIONALE;1966-10-04
0080079T;Collège Fred Scamaroni;COLLEGE;FRED SCAMARONI;Public;8 rue FRED SCAMARONI;;;08000;CHARLEVILLE MEZIERES;Charleville-Mézières;822186.1;6964295.5;EPSG:2154;49.76579473051388;4.694974081201497;Parfaite;Numéro de rue;340;COLLEGE;1;OUVERT;008;44;19;08105;Ardennes;Grand Est;Reims;49.76579473051388,4.694974081201497;99;SANS OBJET;06;MINISTERE DE L'EDUCATION NATIONALE;1967-10-27
0610693X;Collège privé Notre-Dame;COLLEGE PRIVE;NOTRE DAME;Privé;49 rue de Lancrel;;;61000;ALENCON;Alençon;484205.0;6818856.4;EPSG:2154;48.4340974739686;0.08194943728871554;Parfaite;Numéro de rue;340;COLLEGE;1;OUVERT;061;28;70;61001;Orne;Normandie;Normandie;48.4340974739686,0.08194943728871554;30;CONTRAT D'ASSOCIATION TOUTES CLASSES;06;MINISTERE DE L'EDUCATION NATIONALE;1967-02-06
0080084Y;Collège privé Saint Jean-Baptiste de La Salle;COLLEGE PRIVE;ST JEAN-BAPTISTE DE LA SALLE;Privé;20 rue MADAME DE SEVIGNE;;;08000;CHARLEVILLE MEZIERES;Charleville-Mézières;823705.5;6964711.8;EPSG:2154;49.769239323476796;4.716170200956684;Parfaite;Numéro de rue;340;COLLEGE;1;OUVERT;008;44;19;08105;Ardennes;Grand Est;Reims;49.769239323476796,4.716170200956684;30;CONTRAT D'ASSOCIATION TOUTES CLASSES;06;MINISTERE DE L'EDUCATION NATIONALE;1967-06-16
0610699D;Collège privé Esat de Giel;COLLEGE PRIVE;GIEL DON BOSCO;Privé;Lieu-dit Les Cours;;;61210;GIEL COURTEILLES;Giel-Courteilles;465577.5;6855223.4;EPSG:2154;48.754504094556324;-0.18952949509433986;Correcte;Rue;340;COLLEGE;1;OUVERT;061;28;70;61189;Orne;Normandie;Normandie;48.754504094556324,-0.18952949509433986;30;CONTRAT D'ASSOCIATION TOUTES CLASSES;06;MINISTERE DE L'EDUCATION NATIONALE;1967-02-06
0080093H;Lycée professionnel privé Jeanne d'Arc;LYCEE PROFESSIONNEL PRIVE;JEANNE D'ARC;Privé;27 rue BOURNIZET;;;08400;VOUZIERS;Vouziers;823285.5;6923322.5;EPSG:2154;49.39746078717485;4.697999833201347;Parfaite;Numéro de rue;320;LYCEE PROFESSIONNEL;1;OUVERT;008;44;19;08490;Ardennes;Grand Est;Reims;49.39746078717485,4.697999833201347;30;CONTRAT D'ASSOCIATION TOUTES CLASSES;06;MINISTERE DE L'EDUCATION NATIONALE;1967-08-07
0610700E;Lycée général privé Bignon;LYCEE GENERAL PRIVE;BIGNON;Privé;3 rue de la Comédie;;4;61400;MORTAGNE AU PERCHE;Mortagne-au-Perche;518688.3;6827527.7;EPSG:2154;48.52261405775653;0.5442697346751203;Parfaite;Numéro de rue;302;LYCEE D ENSEIGNEMENT GENERAL;1;OUVERT;061;28;70;61293;Orne;Normandie;Normandie;48.52261405775653,0.5442697346751203;30;CONTRAT D'ASSOCIATION TOUTES CLASSES;06;MINISTERE DE L'EDUCATION NATIONALE;1967-02-06
0080120M;Ecole primaire Clément Ader;ECOLE PRIMAIRE PUBLIQUE;CLEMENT ADER;Public;8 rue de la Gare;;;08240;BRIEULLES SUR BAR;Brieulles-sur-Bar;834386.9;6932246.4;EPSG:2154;49.47540498136098;4.8537294943433;Parfaite;Numéro de rue;151;ECOLE DE NIVEAU ELEMENTAIRE;1;OUVERT;008;44;19;08085;Ardennes;Grand Est;Reims;49.47540498136098,4.8537294943433;99;SANS OBJET;06;MINISTERE DE L'EDUCATION NATIONALE;1968-05-10
0610721C;Lycée professionnel privé Jeanne d'Arc;LYCEE PROFESSIONNEL PRIVE;JEANNE D ARC;Privé;10 rue du Collège;;;61203;ARGENTAN CEDEX;Argentan;478385.5;6853837.1;EPSG:2154;48.7465696822254;-0.01471954632368123;Parfaite;Numéro de rue;320;LYCEE PROFESSIONNEL;1;OUVERT;061;28;70;61006;Orne;Normandie;Normandie;48.7465696822254,-0.01471954632368123;30;CONTRAT D'ASSOCIATION TOUTES CLASSES;06;MINISTERE DE L'EDUCATION NATIONALE;1967-02-06
0080137F;Ecole primaire;ECOLE PRIMAIRE PUBLIQUE;;Public;Grand'rue;;;08110;MATTON ET CLEMENCY;Matton-et-Clémency;859024.5;6954043.3;EPSG:2154;49.665537705045466;5.201799685809352;Parfaite;Numéro de rue;151;ECOLE DE NIVEAU ELEMENTAIRE;1;OUVERT;008;44;19;08281;Ardennes;Grand Est;Reims;49.665537705045466,5.201799685809352;99;SANS OBJET;06;MINISTERE DE L'EDUCATION NATIONALE;1968-05-10
0610790C;Lycée d'enseignement général, technologique et professionnel agricole de Sées;LEGT PROFESSIONNEL AGRICOLE;DE SEES;Public;Rue du 11 novembre 1918;;;61500;SEES;Sées;491461.4;6836283.9;EPSG:2154;48.593143071747384;0.17154993744153474;Parfaite;Numéro de rue;307;LYCEE ENS GENERAL TECHNO PROF AGRICOLE;1;OUVERT;061;28;70;61464;Orne;Normandie;Normandie;48.593143071747384,0.17154993744153474;99;SANS OBJET;03;AGRICULTURE;1969-10-10
0080138G;Ecole primaire;ECOLE PRIMAIRE PUBLIQUE;;Public;11  RUE DU MOULIN;;;08110;MESSINCOURT;Messincourt;855657.6;6955563.3;EPSG:2154;49.680025365418324;5.15578055193384;Parfaite;Numéro de rue;151;ECOLE DE NIVEAU ELEMENTAIRE;1;OUVERT;008;44;19;08289;Ardennes;Grand Est;Reims;49.680025365418324,5.15578055193384;99;SANS OBJET;06;MINISTERE DE L'EDUCATION NATIONALE;1968-05-10
0610796J;Section d'enseignement général et professionnel adapté du collège Jean Monnet;SEGPA;CLG JEAN MONNET;Public;193 rue de Domfront;;329;61106;FLERS CEDEX;Flers;437513.0;6854930.8;EPSG:2154;48.74107310762076;-0.5706998255467549;Correcte;Numéro de rue;390;SECTION ENSEIGNT GEN. ET PROF. ADAPTE;1;OUVERT;061;28;70;61169;Orne;Normandie;Normandie;48.74107310762076,-0.5706998255467549;99;SANS OBJET;06;MINISTERE DE L'EDUCATION NATIONALE;1969-10-15
0080146R;Ecole primaire;ECOLE PRIMAIRE PUBLIQUE;;Public;GRANDE RUE;;;08110;PURE;Pure;856999.9;6954719.1;EPSG:2154;49.67211191856442;5.174039563929694;Parfaite;Numéro de rue;151;ECOLE DE NIVEAU ELEMENTAIRE;1;OUVERT;008;44;19;08349;Ardennes;Grand Est;Reims;49.67211191856442,5.174039563929694;99;SANS OBJET;06;MINISTERE DE L'EDUCATION NATIONALE;1968-05-10
0610802R;Ecole primaire Putanges Pont Ecrépin;ECOLE PRIMAIRE PUBLIQUE;(PUTANGES PONT ECREPIN);Public;Rue Giovannoni;Putanges Pont Ecrepin;;61210;PUTANGES LE LAC;Putanges-le-Lac;461431.4;6856326.0;EPSG:2154;48.762893349075064;-0.24649438255746736;Correcte;Rue;151;ECOLE DE NIVEAU ELEMENTAIRE;1;OUVERT;061;28;70;61339;Orne;Normandie;Normandie;48.762893349075064,-0.24649438255746736;99;SANS OBJET;06;MINISTERE DE L'EDUCATION NATIONALE;1970-05-26
0080158D;RPD Ecole du TRIO;ECOLE PRIMAIRE;ECOLE DU TRIO;Public;2 place de la Mairie;;;08090;HOULDIZY;Houldizy;820243.8;6969107.2;EPSG:2154;49.809387024337376;4.669449449143011;Parfaite;Numéro de rue;151;ECOLE DE NIVEAU ELEMENTAIRE;1;OUVERT;008;44;19;08230;Ardennes;Grand Est;Reims;49.809387024337376,4.669449449143011;99;SANS OBJET;06;MINISTERE DE L'EDUCATION NATIONALE;1968-05-10
0610804T;Ecole primaire Loup Coucou;ECOLE PRIMAIRE PUBLIQUE;LOUP COUCOU;Public;12 rue de l'Ecole;;;61800;ST PIERRE D ENTREMONT;Saint-Pierre-d'Entremont;431971.4;6862910.5;EPSG:2154;48.81048800957908;-0.6509934412628847;Parfaite;Numéro de rue;151;ECOLE DE NIVEAU ELEMENTAIRE;1;OUVERT;061;28;70;61445;Orne;Normandie;Normandie;48.81048800957908,-0.6509934412628847;99;SANS OBJET;06;MINISTERE DE L'EDUCATION NATIONALE;1970-05-26
0080211L;Ecole primaire Henri Thomas;ECOLE PRIMAIRE PUBLIQUE;HENRI THOMAS;Public;2 rue Henri Thomas;;;08000;CHARLEVILLE MEZIERES;Charleville-Mézières;824998.2;6965439.4;EPSG:2154;49.77552121000343;4.734319799095844;Parfaite;Numéro de rue;151;ECOLE DE NIVEAU ELEMENTAIRE;1;OUVERT;008;44;19;08105;Ardennes;Grand Est;Reims;49.77552121000343,4.734319799095844;99;SANS OBJET;06;MINISTERE DE L'EDUCATION NATIONALE;1968-05-10
0610805U;Pôle scolaire Pierre Perret;ECOLE PRIMAIRE PUBLIQUE;PIERRE PERRET;Public;Route de la Trappe;;;61380;SOLIGNY LA TRAPPE;Soligny-la-Trappe;518553.7;6838134.0;EPSG:2154;48.61793812688383;0.5379702006361577;Parfaite;Numéro de rue;151;ECOLE DE NIVEAU ELEMENTAIRE;1;OUVERT;061;28;70;61475;Orne;Normandie;Normandie;48.61793812688383,0.5379702006361577;99;SANS OBJET;06;MINISTERE DE L'EDUCATION NATIONALE;1970-05-26
0080241U;Ecole primaire de Devant Nouzon;ECOLE PRIMAIRE PUBLIQUE;DEVANT NOUZON;Public;7 bis rue Albert Poulain;;;08700;NOUZONVILLE;Nouzonville;825239.6;6970059.1;EPSG:2154;49.81696840128246;4.739079542025394;Parfaite;Numéro de rue;151;ECOLE DE NIVEAU ELEMENTAIRE;1;OUVERT;008;44;19;08328;Ardennes;Grand Est;Reims;49.81696840128246,4.739079542025394;99;SANS OBJET;06;MINISTERE DE L'EDUCATION NATIONALE;1968-05-10
0610815E;Section d'enseignement général et professionnel adapté du collège Jacques Prévert;SEGPA;CLG JACQUES PREVERT;Public;6 rue du Champ Passais;;;61700;DOMFRONT EN POIRAIE;Domfront en Poiraie;431101.9;6838097.6;EPSG:2154;48.587186719192026;-0.6472200883881509;Parfaite;Numéro de rue;390;SECTION ENSEIGNT GEN. ET PROF. ADAPTE;1;OUVERT;061;28;70;61145;Orne;Normandie;Normandie;48.587186719192026,-0.6472200883881509;99;SANS OBJET;06;MINISTERE DE L'EDUCATION NATIONALE;1970-06-26
0080252F;Ecole primaire publique;ECOLE PRIMAIRE PUBLIQUE;;Public;Grande rue;;;08130;ST LOUP TERRIER;Saint-Loup-Terrier;816942.3;6942903.8;EPSG:2154;49.57460610262981;4.6161796912365745;Parfaite;Rue;151;ECOLE DE NIVEAU ELEMENTAIRE;1;OUVERT;008;44;19;08387;Ardennes;Grand Est;Reims;49.57460610262981,4.6161796912365745;99;SANS OBJET;06;MINISTERE DE L'EDUCATION NATIONALE;1968-05-10
0610846N;Ecole primaire privée Saint Joseph (Tinchebray);ECOLE PRIMAIRE PRIVEE;SAINT JOSEPH (TINCHEBRAY);Privé;9 boulevard du Midi;;;61800;TINCHEBRAY BOCAGE;Tinchebray-Bocage;425579.7;6857861.1;EPSG:2154;48.762437072567984;-0.7346798821871241;Parfaite;Numéro de rue;151;ECOLE DE NIVEAU ELEMENTAIRE;1;OUVERT;061;28;70;61486;Orne;Normandie;Normandie;48.762437072567984,-0.7346798821871241;30;CONTRAT D'ASSOCIATION TOUTES CLASSES;06;MINISTERE DE L'EDUCATION NATIONALE;1971-03-17
0080272C;Ecole primaire;ECOLE PRIMAIRE PUBLIQUE;;Public;Chemin du Gué;;;08430;JANDUN;Jandun;812411.5;6952746.0;EPSG:2154;49.663850067125054;4.556259607231789;Correcte;Rue;151;ECOLE DE NIVEAU ELEMENTAIRE;1;OUVERT;008;44;19;08236;Ardennes;Grand Est;Reims;49.663850067125054,4.556259607231789;99;SANS OBJET;06;MINISTERE DE L'EDUCATION NATIONALE;1968-05-10
0610848R;Ecole primaire privée Sainte Thérèse;ECOLE PRIMAIRE PRIVEE;SAINTE THERESE (PUTANGES-PONT-ECREPIN);Privé;40 rue de la Roche;Putanges-Pont-Ecrepin;;61210;PUTANGES LE LAC;Putanges-le-Lac;461613.3;6856638.4;EPSG:2154;48.76576790486096;-0.2441963965041474;Parfaite;Numéro de rue;151;ECOLE DE NIVEAU ELEMENTAIRE;1;OUVERT;061;28;70;61339;Orne;Normandie;Normandie;48.76576790486096,-0.2441963965041474;30;CONTRAT D'ASSOCIATION TOUTES CLASSES;06;MINISTERE DE L'EDUCATION NATIONALE;1971-03-17
0080309T;Ecole maternelle Calmette;ECOLE MATERNELLE PUBLIQUE;CALMETTE;Public;19 rue du Docteur Calmette;;;08000;CHARLEVILLE MEZIERES;Charleville-Mézières;823022.1;6965737.1;EPSG:2154;49.778582124706716;4.70699977794102;Parfaite;Numéro de rue;101;ECOLE MATERNELLE;1;OUVERT;008;44;19;08105;Ardennes;Grand Est;Reims;49.778582124706716,4.70699977794102;99;SANS OBJET;06;MINISTERE DE L'EDUCATION NATIONALE;1968-05-10
0610851U;Ecole primaire privée les Oisillons;ECOLE PRIMAIRE PRIVEE;LES OISILLONS;Privé;72 rue du Mont Saint Michel;;;61100;FLERS;Flers;436064.0;6854908.4;EPSG:2154;48.74028109332549;-0.5903701365107302;Parfaite;Numéro de rue;151;ECOLE DE NIVEAU ELEMENTAIRE;1;OUVERT;061;28;70;61169;Orne;Normandie;Normandie;48.74028109332549,-0.5903701365107302;30;CONTRAT D'ASSOCIATION TOUTES CLASSES;06;MINISTERE DE L'EDUCATION NATIONALE;1971-03-17
0080337Y;Ecole primaire;ECOLE PRIMAIRE PUBLIQUE;;Public;19 place de la Mairie;;;08090;ST LAURENT;Saint-Laurent;827678.7;6964191.2;EPSG:2154;49.76377484138221;4.771110359698074;Parfaite;Numéro de rue;151;ECOLE DE NIVEAU ELEMENTAIRE;1;OUVERT;008;44;19;08385;Ardennes;Grand Est;Reims;49.76377484138221,4.771110359698074;99;SANS OBJET;06;MINISTERE DE L'EDUCATION NATIONALE;1968-05-10
0610867L;Ecole primaire privée Sainte-Famille;ECOLE PRIMAIRE PRIVEE;SAINTE FAMILLE;Privé;19 rue du Président Mitterrand;;;61160;TRUN;Trun;482250.7;6864270.0;EPSG:2154;48.841649334092416;0.03247945465900798;Parfaite;Numéro de rue;151;ECOLE DE NIVEAU ELEMENTAIRE;1;OUVERT;061;28;70;61494;Orne;Normandie;Normandie;48.841649334092416,0.03247945465900798;30;CONTRAT D'ASSOCIATION TOUTES CLASSES;06;MINISTERE DE L'EDUCATION NATIONALE;1971-03-16
0080343E;Ecole primaire le Charme;ECOLE PRIMAIRE PUBLIQUE;LE CHARME;Public;21 rue Jean Rogissart;;;08000;VILLERS SEMEUSE;Villers-Semeuse;825616.6;6962084.2;EPSG:2154;49.74526069259221;4.741870412616826;Parfaite;Numéro de rue;151;ECOLE DE NIVEAU ELEMENTAIRE;1;OUVERT;008;44;19;08480;Ardennes;Grand Est;Reims;49.74526069259221,4.741870412616826;99;SANS OBJET;06;MINISTERE DE L'EDUCATION NATIONALE;1968-05-10
0610872S;Ecole primaire privée Notre-Dame de La Place;ECOLE PRIMAIRE PRIVEE;NOTRE DAME DE LA PLACE;Privé;Route de Sevigny;;;61200;ARGENTAN;Argentan;477806.5;6854358.6;EPSG:2154;48.75105761980261;-0.02285970459157717;Parfaite;Numéro de rue;151;ECOLE DE NIVEAU ELEMENTAIRE;1;OUVERT;061;28;70;61006;Orne;Normandie;Normandie;48.75105761980261,-0.02285970459157717;30;CONTRAT D'ASSOCIATION TOUTES CLASSES;06;MINISTERE DE L'EDUCATION NATIONALE;1971-03-16
0080363B;Ecole maternelle des Liègeois;ECOLE MATERNELLE PUBLIQUE;DES LIEGEOIS;Public;1  RUE DES LIEGEOIS;;;08000;CHARLEVILLE MEZIERES;Charleville-Mézières;823742.0;6963728.9;EPSG:2154;49.760403248072706;4.716380057029189;Parfaite;Numéro de rue;101;ECOLE MATERNELLE;1;OUVERT;008;44;19;08105;Ardennes;Grand Est;Reims;49.760403248072706,4.716380057029189;99;SANS OBJET;06;MINISTERE DE L'EDUCATION NATIONALE;1968-05-10
0610904B;Ecole primaire publique;ECOLE PRIMAIRE PUBLIQUE;;Public;;LE BOURG;;61300;ST SULPICE SUR RISLE;Saint-Sulpice-sur-Risle;527876.4;6855859.0;EPSG:2154;48.779841749420754;0.6572595618752851;Correcte;Ville;151;ECOLE DE NIVEAU ELEMENTAIRE;1;OUVERT;061;28;70;61456;Orne;Normandie;Normandie;48.779841749420754,0.6572595618752851;99;SANS OBJET;06;MINISTERE DE L'EDUCATION NATIONALE;1971-06-15
0080364C;Ecole primaire la Citadelle;ECOLE PRIMAIRE PUBLIQUE;LA CITADELLE;Public;1  ALLEE DE LA CITADELLE;;;08000;CHARLEVILLE MEZIERES;Charleville-Mézières;824127.8;6963665.7;EPSG:2154;49.75976009121919;4.72171054349894;Parfaite;Numéro de rue;151;ECOLE DE NIVEAU ELEMENTAIRE;1;OUVERT;008;44;19;08105;Ardennes;Grand Est;Reims;49.75976009121919,4.72171054349894;99;SANS OBJET;06;MINISTERE DE L'EDUCATION NATIONALE;1968-05-10
0610914M;Ecole primaire;ECOLE PRIMAIRE PUBLIQUE;;Public;;LE BOURG;;61320;CIRAL;Ciral;468188.1;6826199.0;EPSG:2154;48.494579704929535;-0.13836061251756596;Correcte;Ville;151;ECOLE DE NIVEAU ELEMENTAIRE;1;OUVERT;061;28;70;61107;Orne;Normandie;Normandie;48.494579704929535,-0.13836061251756596;99;SANS OBJET;06;MINISTERE DE L'EDUCATION NATIONALE;1971-09-06
0080379U;Ecole primaire Pierre Brossolette;ECOLE PRIMAIRE PUBLIQUE;PIERRE BROSSOLETTE;Public;1 rue Pierre Brossolette;;;08000;CHARLEVILLE MEZIERES;Charleville-Mézières;823898.7;6962394.9;EPSG:2154;49.74838976467683;4.718150345833444;Parfaite;Numéro de rue;151;ECOLE DE NIVEAU ELEMENTAIRE;1;OUVERT;008;44;19;08105;Ardennes;Grand Est;Reims;49.74838976467683,4.718150345833444;99;SANS OBJET;06;MINISTERE DE L'EDUCATION NATIONALE;1968-05-10
0610945W;Ecole primaire des cailloutins;ECOLE PRIMAIRE PUBLIQUE;DES CAILLOUTINS;Public;;LE BOURG;;61500;CHAILLOUE;Chailloué;493549.9;6842752.0;EPSG:2154;48.6519565958617;0.19673964112851036;Correcte;Ville;151;ECOLE DE NIVEAU ELEMENTAIRE;1;OUVERT;061;28;70;61081;Orne;Normandie;Normandie;48.6519565958617,0.19673964112851036;99;SANS OBJET;06;MINISTERE DE L'EDUCATION NATIONALE;1972-06-07
0080395L;Ecole primaire;ECOLE PRIMAIRE PUBLIQUE;;Public;10  RUE LABECQ;;;08290;LIART;Liart;796863.7;6964098.4;EPSG:2154;49.76840159677184;4.343730138376652;Parfaite;Numéro de rue;151;ECOLE DE NIVEAU ELEMENTAIRE;1;OUVERT;008;44;19;08254;Ardennes;Grand Est;Reims;49.76840159677184,4.343730138376652;99;SANS OBJET;06;MINISTERE DE L'EDUCATION NATIONALE;1968-05-10
0610952D;Ecole primaire privée Notre-Dame (Longny au Perche);ECOLE PRIMAIRE PRIVEE;NOTRE DAME (LONGNY AU PERCHE);Privé;9 rue du Docteur Vivares;;;61290;LONGNY LES VILLAGES;Longny les Villages;533974.8;6827726.4;EPSG:2154;48.528496660217165;0.751120137789184;Correcte;Numéro de rue;151;ECOLE DE NIVEAU ELEMENTAIRE;1;OUVERT;061;28;70;61230;Orne;Normandie;Normandie;48.528496660217165,0.751120137789184;30;CONTRAT D'ASSOCIATION TOUTES CLASSES;06;MINISTERE DE L'EDUCATION NATIONALE;1972-09-26
0080415H;Ecole primaire;ECOLE PRIMAIRE PUBLIQUE;;Public;9 rue de l'Eglise;;;08140;BREVILLY;Brévilly;850015.2;6953523.1;EPSG:2154;49.66305812672595;5.076929805368925;Parfaite;Numéro de rue;151;ECOLE DE NIVEAU ELEMENTAIRE;1;OUVERT;008;44;19;08083;Ardennes;Grand Est;Reims;49.66305812672595,5.076929805368925;99;SANS OBJET;06;MINISTERE DE L'EDUCATION NATIONALE;1968-05-10
0610958K;Collège Jean Moulin;COLLEGE;JEAN MOULIN;Public;3 rue des écoles;;48;61230;GACE;Gacé;501631.2;6858118.2;EPSG:2154;48.79261315258188;0.29925001704825216;Parfaite;Numéro de rue;340;COLLEGE;1;OUVERT;061;28;70;61181;Orne;Normandie;Normandie;48.79261315258188,0.29925001704825216;99;SANS OBJET;06;MINISTERE DE L'EDUCATION NATIONALE;1973-03-16
0080486K;Ecole primaire;ECOLE PRIMAIRE PUBLIQUE;;Public;32 bis avenue de Bourgoin;;;08300;SAULT LES RETHEL;Sault-lès-Rethel;798789.2;6934008.2;EPSG:2154;49.49775274947232;4.363230340439716;Parfaite;Numéro de rue;151;ECOLE DE NIVEAU ELEMENTAIRE;1;OUVERT;008;44;19;08403;Ardennes;Grand Est;Reims;49.49775274947232,4.363230340439716;99;SANS OBJET;06;MINISTERE DE L'EDUCATION NATIONALE;1968-05-10
